id;from_date;to_date;address;working_decription
1;2020-07-06;2020-07-06;Cambridgeshire;firmware program
2;2020-07-06;2020-07-07;virtual New Israeli Sheqel;clicks-and-mortar Architect
3;2020-07-07;2020-07-07;West Virginia;Tuna
4;2020-07-07;2020-07-06;Freeway Tasty;Investment Account Gloves
5;2020-07-06;2020-07-06;multi-tasking;Investment Account deposit Money Market Account
6;2020-07-06;2020-07-06;Accounts XML Quality;Holy See (Vatican City State) Solutions
7;2020-07-07;2020-07-06;communities;parsing web-readiness vortals
8;2020-07-07;2020-07-07;CSS Principal;Alley
9;2020-07-06;2020-07-06;invoice;Borders synthesizing Music
10;2020-07-06;2020-07-06;Kids payment;olive
