id;first_name;last_name;gender;birthday;extra_name;origin_address;nation;religion;nationality;indentity;regularly_adress;address;academic_level;qualification;foreign_level;job;email;passsword;phone;status
1;Chelsey;Wyman;OTHER;orchid;Bedfordshire Security;Team-oriented;THAI;Auto Loan Account;Cotton;Implementation Western Sahara generate;scale deposit;Tennessee relationships Ball;full-range;Pa'anga Directives Direct;Villages fuchsia Administrator;Progressive;Erling69@hotmail.com;Ergonomic California withdrawal;692.832.3858 x6077;false
2;Issac;Feeney;MALE;Yuan Renminbi Algerian Dinar;Accounts Falkland Islands Pound;calculate initiatives Electronics;EDE;Tuna;Pine COM Rhode Island;Handcrafted Auto Loan Account;Rustic white;bypass hacking Christmas Island;relationships Towels;AGP;ivory Ports Outdoors;transparent;Levi.Lemke@hotmail.com;Metrics Dam redefine;1-582-014-4930;false
3;Guadalupe;Wehner;FEMALE;Ball invoice;Savings Account;Equatorial Guinea Fall compressing;TAY;Clothing;upward-trending Checking Account overriding;Buckinghamshire Tala backing up;Future Egypt;Intranet Ramp Latvian Lats;Internal New Leu Licensed;Isle of Man Dynamic Meadows;Brand system-worthy Soft;Cocos (Keeling) Islands scale Checking Account;Kiana.Hodkiewicz37@hotmail.com;Usability;1-578-477-7871;true
4;Virginia;Wiza;OTHER;SAS;Games orange transmit;hard drive Loaf;HOA;open-source;generating Freeway needs-based;Saint Helena;Infrastructure Curve Metal;online;Car backing up;Data Buckinghamshire;turquoise Specialist;Rhode Island Mandatory;Katelyn.Swift95@gmail.com;Minnesota Oklahoma;059.240.8233;true
5;Zita;Pouros;FEMALE;New Mexico Wooden uniform;Human Internal Data;synthesize;EDE;Nebraska;parse Clothing;methodologies;Netherlands Antillian Guilder Avon Awesome;Upgradable Health Assistant;backing up e-tailers;Home Loan Account;zero tolerance Lakes;Grocery;Carolyn.Gaylord22@hotmail.com;Dynamic vortals;855-757-9651 x677;true
6;Raquel;Lehner;MALE;Agent;Checking Account Pula;calculating;TAY;Tasty Wooden Fish SMS;transform PCI;withdrawal Cambridgeshire;Unbranded Cotton Ball flexibility SDD;Quetzal Paraguay;New Hampshire Unions;hack;orchid Denmark Optimization;Trinidad and Tobago Tools Licensed Frozen Chair;Jamil.Braun@gmail.com;Ports HDD;(455) 071-5094;true
7;Viola;Ziemann;MALE;Supervisor;Licensed Cotton Car definition;EXE;HOA;withdrawal;CFA Franc BCEAO;Small Wooden Bike RAM;Moroccan Dirham;ADP;Rustic Granite Chair Utah;magenta Planner;Solutions;Berkshire Iraqi Dinar;Chloe68@yahoo.com;Greenland mobile Bedfordshire;232.921.3251 x8430;false
8;Rupert;Jones;MALE;Credit Card Account JBOD;open-source Ergonomic;azure Sleek Fresh Towels Personal Loan Account;KHMER;programming;Ergonomic driver;Legacy;silver Brand Division;transmitter structure Small Plastic Keyboard;contingency;Practical cohesive;withdrawal Practical Hong Kong;Credit Card Account;Kennedy91@gmail.com;transmit payment;(078) 481-1091 x480;true
9;Kane;Buckridge;OTHER;bandwidth Streamlined Ergonomic;one-to-one;B2B Steel Andorra;TAY;Fields;Ball Manager;Corporate;enterprise Lilangeni;Refined user-centric;Cambridgeshire empower Directives;overriding Officer;compress;transmitting virtual Compatible;Dan_Hyatt@hotmail.com;Generic;1-872-787-9946;false
10;Zack;Shanahan;MALE;Central;payment mindshare Rustic Fresh Shirt;Fords;TAY;Mountains enhance;withdrawal Consultant;withdrawal Senior;Customer proactive cross-platform;Hat;context-sensitive;systemic Cheese Unbranded Soft Fish;interactive application Home Loan Account;Georgia;Hettie_Anderson@gmail.com;Gorgeous Intelligent Concrete Keyboard Soft;(713) 794-4496 x8231;false
